{"_timestamp":1.7709218196182363e+09,"_wandb":{"runtime":163},"_runtime":163.77771211,"_step":0,"train/loss":0.020300171375274657,"train/lr":0.0002,"train/grad_norm":0.08926180005073547}